feature,importance_mean,importance_std
mfcc1_mean,0.10170914472903618,0.005164830614837786
perceptr_var,0.10092545446651931,0.005231397612720515
chroma_stft_mean,0.07622403992963152,0.003920339289965568
mfcc4_mean,0.07358870868438619,0.00580053571889025
mfcc9_mean,0.06859426000729177,0.002035217120419541
mfcc3_mean,0.05853844536738746,0.0024687062691233883
zero_crossing_rate_mean,0.055622472291269175,0.004553552939798496
perceptr_mean,0.05421904454956501,0.0063116121669194595
mfcc6_mean,0.04826339478682371,0.0036709364056948333
harmony_var,0.04620240036334085,0.0018703464308046868
mfcc11_mean,0.04416404140609018,0.005905978933780196
rms_mean,0.04166710796532611,0.0034736951479185266
mfcc10_mean,0.040883043342597424,0.003931340787624402
mfcc7_mean,0.03930016847710995,0.005086579519303495
spectral_centroid_var,0.03473366182474078,0.0056619146817629366
rms_var,0.034637147413711974,0.001739287767335289
mfcc17_mean,0.03336061959350893,0.003432131956559208
spectral_bandwidth_mean,0.032832025586135224,0.004434097447049986
mfcc18_mean,0.03262391830737055,0.0017474547124310112
spectral_bandwidth_var,0.032121659943715145,0.002981467461033342
mfcc5_mean,0.031041040302883637,0.0037976972064895087
harmony_mean,0.030807763980865155,0.003930593534505237
spectral_centroid_mean,0.029933604245064905,0.002738022261260326
mfcc5_var,0.02891056688065501,0.0035459906996727327
mfcc2_mean,0.028070994339893084,0.0038044810008600787
mfcc1_var,0.027666230205549102,0.002120046540729451
mfcc12_mean,0.026281579660733613,0.003128846850720261
rolloff_mean,0.02567303083738337,0.0037630408611327823
mfcc16_mean,0.02529755250242951,0.004603099694386176
chroma_stft_var,0.024720041287202243,0.0037193234308100717
mfcc13_mean,0.024442711481753077,0.0038559335158913407
mfcc8_mean,0.024206953858378344,0.0024988525389007528
mfcc6_var,0.02347951729340092,0.0021888153825090897
mfcc3_var,0.022463861768875826,0.003586513380513993
rolloff_var,0.02198922463527584,0.002543264418326427
mfcc15_mean,0.020883162710503233,0.0020263518163792116
mfcc14_mean,0.019259769985149045,0.0017429275247883584
mfcc10_var,0.018791941374722575,0.0049280053118940445
mfcc19_mean,0.018470781046148455,0.004873548973961
mfcc2_var,0.01829146717722756,0.0027998076914286106
mfcc20_mean,0.01827805516187766,0.003449551658920465
zero_crossing_rate_var,0.017927594189312758,0.0027656679835287978
mfcc4_var,0.017143815699689702,0.003666294720411203
mfcc7_var,0.016326810341332033,0.0025153708759838625
mfcc13_var,0.013705370160483144,0.003626066714324332
mfcc9_var,0.011479669436017702,0.005804320541596063
mfcc11_var,0.010787869834120768,0.0022708830549469684
mfcc20_var,0.01045211969177402,0.0025415808551861865
mfcc12_var,0.009501437001216728,0.003643007410074221
mfcc15_var,0.008979483576371971,0.002934145504279561
mfcc14_var,0.008481884007428175,0.0030913180463244976
mfcc8_var,0.007843825337045085,0.002556467616523131
tempo,0.007699044541036449,0.0034402497540842857
mfcc18_var,0.0073863989087499474,0.001974985819112133
mfcc19_var,0.007152373643143495,0.0022238467002839487
mfcc16_var,0.006917464565169418,0.0014249567039435777
mfcc17_var,0.003423894962611351,0.0022698743037040015
